disease_class,crop,disease_name,symptoms,cause,treatment,prevention,severity
Apple___Apple_scab,Apple,Apple Scab,Dark olive-green spots on leaves and fruit,Fungus (Venturia inaequalis) spreading in cool wet spring weather,Apply fungicide containing captan or myclobutanil. Remove infected leaves.,Prune trees for air circulation. Rake fallen leaves in autumn.,Medium
Apple___Black_rot,Apple,Black Rot,Brown spots with concentric rings on leaves fruit rot,Fungus (Botryosphaeria obtusa),Remove infected fruit and branches. Apply copper-based fungicide.,Prune dead wood. Avoid overhead watering.,High
Apple___Cedar_apple_rust,Apple,Cedar Apple Rust,Orange-yellow spots on leaves,Fungus requiring nearby cedar trees as alternate host,Apply fungicide in early spring. Remove nearby cedar trees if possible.,Plant resistant varieties. Maintain distance from cedar trees.,Medium
Apple___healthy,Apple,Healthy,No disease symptoms detected,Not applicable,No treatment needed! Your plant is healthy.,Continue regular watering and fertilization schedule.,None
Blueberry___healthy,Blueberry,Healthy,No disease symptoms detected,Not applicable,No treatment needed! Your plant is healthy.,Maintain acidic soil pH 4.5-5.5. Regular watering.,None
Cherry_(including_sour)___Powdery_mildew,Cherry,Powdery Mildew,White powdery coating on leaves,Fungus (Podosphaera clandestina) thriving in humid conditions,Apply sulfur-based fungicide. Improve air circulation.,Avoid overhead watering. Prune for better airflow.,Medium
Cherry_(including_sour)___healthy,Cherry,Healthy,No disease symptoms detected,Not applicable,No treatment needed! Your plant is healthy.,Regular pruning and proper spacing.,None
Corn_(maize)___Cercospora_leaf_spot Gray_leaf_spot,Corn,Gray Leaf Spot,Gray-brown rectangular lesions on leaves,Fungus (Cercospora zeae-maydis),Apply fungicide containing azoxystrobin. Rotate crops.,Use resistant hybrid varieties. Crop rotation.,High
Corn_(maize)___Common_rust_,Corn,Common Rust,Reddish-brown pustules on leaves,Fungus (Puccinia sorghi),Apply fungicide if severe. Usually not economically damaging.,Plant resistant varieties. Early planting.,Low
Corn_(maize)___Northern_Leaf_Blight,Corn,Northern Leaf Blight,Long gray-green lesions on leaves,Fungus (Exserohilum turcicum),Apply foliar fungicide. Remove crop debris.,Crop rotation. Resistant hybrids.,High
Corn_(maize)___healthy,Corn,Healthy,No disease symptoms detected,Not applicable,No treatment needed! Your plant is healthy.,Regular monitoring and proper fertilization.,None
Grape___Black_rot,Grape,Black Rot,Brown circular spots on leaves black mummified fruit,Fungus (Guignardia bidwellii),Apply fungicide starting at bud break. Remove mummified fruit.,Prune for air circulation. Remove fallen debris.,High
Grape___Esca_(Black_Measles),Grape,Esca Black Measles,Tiger-stripe pattern on leaves dark spots on fruit,Fungal complex affecting grapevine wood,No effective cure. Remove severely infected vines.,Avoid pruning wounds during wet weather. Seal cuts.,High
Grape___Leaf_blight_(Isariopsis_Leaf_Spot),Grape,Leaf Blight,Brown angular spots on leaves,Fungus (Pseudocercospora vitis),Apply copper-based fungicide. Remove infected leaves.,Improve air circulation. Avoid overhead irrigation.,Medium
Grape___healthy,Grape,Healthy,No disease symptoms detected,Not applicable,No treatment needed! Your plant is healthy.,Regular pruning and proper trellising.,None
Orange___Haunglongbing_(Citrus_greening),Orange,Citrus Greening,Yellow shoots mottled leaves bitter fruit,Bacterium spread by Asian citrus psyllid insect,No cure available. Remove infected trees to prevent spread.,Control psyllid insects. Use disease-free nursery stock.,Critical
Peach___Bacterial_spot,Peach,Bacterial Spot,Dark spots on leaves and fruit leaf drop,Bacterium (Xanthomonas campestris),Apply copper-based bactericide. Avoid overhead watering.,Plant resistant varieties. Avoid wounding trees.,Medium
Peach___healthy,Peach,Healthy,No disease symptoms detected,Not applicable,No treatment needed! Your plant is healthy.,Regular pruning and pest monitoring.,None
"Pepper,_bell___Bacterial_spot",Bell Pepper,Bacterial Spot,Small dark spots on leaves and fruit,Bacterium (Xanthomonas campestris),Apply copper-based bactericide. Remove infected plants.,Use disease-free seeds. Avoid overhead watering.,Medium
"Pepper,_bell___healthy",Bell Pepper,Healthy,No disease symptoms detected,Not applicable,No treatment needed! Your plant is healthy.,Regular watering and balanced fertilization.,None
Potato___Early_blight,Potato,Early Blight,Dark concentric rings on lower leaves,Fungus (Alternaria solani),Apply fungicide containing chlorothalonil. Remove infected leaves.,Crop rotation. Avoid overhead watering.,Medium
Potato___Late_blight,Potato,Late Blight,Water-soaked spots turning brown black rapidly,Oomycete (Phytophthora infestans),Apply fungicide immediately. Remove infected plants.,Plant resistant varieties. Ensure good drainage.,Critical
Potato___healthy,Potato,Healthy,No disease symptoms detected,Not applicable,No treatment needed! Your plant is healthy.,Proper hilling and consistent watering.,None
Raspberry___healthy,Raspberry,Healthy,No disease symptoms detected,Not applicable,No treatment needed! Your plant is healthy.,Regular pruning and proper spacing.,None
Soybean___healthy,Soybean,Healthy,No disease symptoms detected,Not applicable,No treatment needed! Your plant is healthy.,Crop rotation and proper field drainage.,None
Squash___Powdery_mildew,Squash,Powdery Mildew,White powdery coating on leaves,Fungus thriving in warm dry days and humid nights,Apply sulfur or potassium bicarbonate spray.,Improve air circulation. Avoid overhead watering.,Medium
Strawberry___Leaf_scorch,Strawberry,Leaf Scorch,Purple-brown spots merging on leaves,Fungus (Diplocarpon earlianum),Apply fungicide. Remove infected leaves.,Avoid overhead watering. Renovate beds annually.,Medium
Strawberry___healthy,Strawberry,Healthy,No disease symptoms detected,Not applicable,No treatment needed! Your plant is healthy.,Regular watering and mulching.,None
Tomato___Bacterial_spot,Tomato,Bacterial Spot,Small dark spots with yellow halos,Bacterium (Xanthomonas species),Apply copper-based bactericide. Remove infected leaves.,Use disease-free seeds. Avoid working with wet plants.,Medium
Tomato___Early_blight,Tomato,Early Blight,Dark concentric rings on older leaves,Fungus (Alternaria solani) spreading in warm humid weather,Apply fungicide containing chlorothalonil or copper.,Mulch soil. Avoid overhead watering. Crop rotation.,Medium
Tomato___Late_blight,Tomato,Late Blight,Water-soaked spots white fungal growth,Oomycete (Phytophthora infestans),Apply fungicide immediately. Remove infected plants immediately.,Ensure good air circulation. Avoid overhead watering.,Critical
Tomato___Leaf_Mold,Tomato,Leaf Mold,Yellow spots on top fuzzy mold underneath,Fungus (Passalora fulva) thriving in humid greenhouses,Improve ventilation. Apply fungicide if severe.,Reduce humidity. Increase plant spacing.,Medium
Tomato___Septoria_leaf_spot,Tomato,Septoria Leaf Spot,Small circular spots with dark borders,Fungus (Septoria lycopersici),Apply fungicide. Remove infected lower leaves.,Mulch soil. Avoid overhead watering.,Medium
Tomato___Spider_mites Two-spotted_spider_mite,Tomato,Spider Mites,Yellow stippling fine webbing on leaves,Pest (Tetranychus urticae) thriving in hot dry weather,Apply miticide or insecticidal soap. Increase humidity.,Regular monitoring. Avoid drought stress.,Medium
Tomato___Target_Spot,Tomato,Target Spot,Brown spots with concentric rings,Fungus (Corynespora cassiicola),Apply fungicide. Remove infected leaves.,Improve air circulation. Avoid overhead watering.,Medium
Tomato___Tomato_Yellow_Leaf_Curl_Virus,Tomato,Yellow Leaf Curl Virus,Upward curling yellow leaves stunted growth,Virus spread by whitefly insects,No cure. Remove infected plants. Control whitefly vector.,Use resistant varieties. Control whiteflies with netting.,Critical
Tomato___Tomato_mosaic_virus,Tomato,Mosaic Virus,Mottled yellow-green pattern on leaves,Virus spread by contact and contaminated tools,No cure. Remove infected plants to prevent spread.,Use virus-free seeds. Wash hands between plants.,Critical
Tomato___healthy,Tomato,Healthy,No disease symptoms detected,Not applicable,No treatment needed! Your plant is healthy.,Regular watering and balanced fertilization.,None